CampaignChannel,AverageROI,AvgSpend,MROI_at_AvgSpend
Email,-0.9827861660041486,5055.604272240917,0.001311394643738897
PPC,-0.982181268777037,4954.221740859523,0.0014353276110263445
Referral,-0.9824580028638814,5034.042283648512,0.0012365994458420659
SEO,-0.9824439106617183,4994.131532678793,0.0016017225333138426
Social Media,-0.9825120197526944,4965.321428014535,0.001681561806205302
