CampaignChannel,ReallocatedSpend,CurrentSpend,Delta_vs_Current
Email,7871575.851879109,7871575.851879109,0.0
PPC,8199236.9811225105,8199236.9811225105,0.0
Referral,4652762.821251828,8653518.685591793,-4000755.8643399645
SEO,7740903.875652128,7740903.875652128,0.0
Social Media,11543079.113494037,7542323.249154079,4000755.864339958
